name,ward,tel,source
社会福祉法人京都博愛会 冨田病院,京都市北区,075-491-3241,きょうと認知症あんしんナビ もの忘れ外来一覧
医療法人愛智会 京都北野病院,京都市北区,075-462-3611,きょうと認知症あんしんナビ もの忘れ外来一覧
独立行政法人地域医療機能推進機構 京都鞍馬口医療センター,京都市北区,075-441-6101,きょうと認知症あんしんナビ もの忘れ外来一覧
京都府立医科大学附属病院,京都市上京区,075-251-5566,きょうと認知症あんしんナビ もの忘れ外来一覧
医療法人幸生会 室町病院,京都市上京区,075-441-5859,きょうと認知症あんしんナビ もの忘れ外来一覧
社会医療法人西陣健康会 堀川病院,京都市上京区,075-441-8185,きょうと認知症あんしんナビ もの忘れ外来一覧
医療法人稲門会 いわくら病院,京都市左京区,075-711-2171,きょうと認知症あんしんナビ もの忘れ外来一覧
一般財団法人 川越病院,京都市左京区,075-771-2972,きょうと認知症あんしんナビ もの忘れ外来一覧
医療法人清水会 脳神経リハビリ北大路病院,京都市左京区,075-781-5111,きょうと認知症あんしんナビ もの忘れ外来一覧
京都大学医学部附属病院,京都市左京区,075-751-3111,きょうと認知症あんしんナビ もの忘れ外来一覧
公益社団法人信和会 京都民医連あすかい病院,京都市左京区,075-701-6111,きょうと認知症あんしんナビ もの忘れ外来一覧
医療法人三幸会 北山病院,京都市左京区,075-706-5515,きょうと認知症あんしんナビ もの忘れ外来一覧
医療法人三幸会 第二北山病院,京都市左京区,075-791-2137,きょうと認知症あんしんナビ もの忘れ外来一覧
医療法人社団貴順会 吉川病院,京都市左京区,075-761-0316,きょうと認知症あんしんナビ もの忘れ外来一覧
医療法人社団育成会 京都久野病院,京都市東山区,075-541-3136,きょうと認知症あんしんナビ もの忘れ外来一覧
医療法人社団洛和会 洛和会音羽リハビリテーション病院,京都市山科区,075-581-6221,きょうと認知症あんしんナビ もの忘れ外来一覧
医療法人社団洛和会 洛和会音羽病院,京都市山科区,075-593-4111,きょうと認知症あんしんナビ もの忘れ外来一覧
医療法人財団康生会 武田病院,京都市下京区,075-361-1351,きょうと認知症あんしんナビ もの忘れ外来一覧
医療法人恵心会 京都武田病院,京都市下京区,075-312-7001,きょうと認知症あんしんナビ もの忘れ外来一覧
医療法人 京都回生病院,京都市下京区,075-311-5121,きょうと認知症あんしんナビ もの忘れ外来一覧
医療法人令寿会 しまばら病院,京都市下京区,075-371-3232,きょうと認知症あんしんナビ もの忘れ外来一覧
医療法人同仁会 京都九条病院,京都市南区,075-691-7121,きょうと認知症あんしんナビ もの忘れ外来一覧
独立行政法人国立病院機構 宇多野病院,京都市右京区,075-461-5121,きょうと認知症あんしんナビ もの忘れ外来一覧
医療法人社団松仁会 内田病院,京都市右京区,075-882-6666,きょうと認知症あんしんナビ もの忘れ外来一覧
医療法人新生十全会 京都ならびがおか病院,京都市右京区,075-881-2810,きょうと認知症あんしんナビ もの忘れ外来一覧
医療法人京都翔医会 西京都病院,京都市西京区,075-381-5166,きょうと認知症あんしんナビ もの忘れ外来一覧
医療法人清仁会 洛西シミズ病院,京都市西京区,075-331-8778,きょうと認知症あんしんナビ もの忘れ外来一覧
京都桂病院,京都市西京区,075-391-5811,きょうと認知症あんしんナビ もの忘れ外来一覧
医療法人松寿会 共和病院,京都市伏見区,075-573-2122,きょうと認知症あんしんナビ もの忘れ外来一覧
医療法人社団蘇生会 蘇生会総合病院,京都市伏見区,075-621-3101,きょうと認知症あんしんナビ もの忘れ外来一覧
医療法人社団淀さんせん会 金井病院,京都市伏見区,075-631-1215,きょうと認知症あんしんナビ もの忘れ外来一覧
医療法人健幸会 むかいじま病院,京都市伏見区,075-612-3101,きょうと認知症あんしんナビ もの忘れ外来一覧
医療法人新生十全会 なごみの里病院,京都市伏見区,075-572-0634,きょうと認知症あんしんナビ もの忘れ外来一覧
独立行政法人国立病院機構 京都医療センター,京都市伏見区,075-641-9161,きょうと認知症あんしんナビ もの忘れ外来一覧
